{
    "input_size": 2,
    "hidden_size": 2,
    "w1": [
        [
            -0.6960857568350572,
            -1.016963789776777
        ],
        [
            -0.2530792206897961,
            0.6800367872720215
        ]
    ],
    "w2": [
        0.8312475048441522,
        -0.2087194312650887
    ]
}