{
    "input_size": 1,
    "hidden_size": 2,
    "output_size": 1,
    "w1": [
        [
            -1.8217118226452036,
            1.4376230659091127
        ]
    ],
    "w2": [
        [
            -0.07786608564973077
        ],
        [
            0.4827032888081868
        ]
    ]
}