{
  "input_size": 2,
  "hidden_size": 2,
  "output_size": 1,
  "activation": "relu",
  "momentum": 0.0,
  "weight_decay": 0.0,
  "dropout": 0.0,
  "optimizer": "sgd",
  "beta1": 0.9,
  "beta2": 0.999,
  "epsilon": 1e-08,
  "w1": [
    [
      0.7904747134392758,
      -0.4927153749090032
    ],
    [
      0.3505582932898431,
      -0.86593797211282
    ]
  ],
  "w2": [
    [
      0.3968881610918872
    ],
    [
      -0.48457110749914556
    ]
  ],
  "b1": [
    0.9670560715042822,
    0.8116955282935449
  ],
  "b2": [
    0.2663197441175443
  ]
}