{
  "input_size": 1,
  "hidden_size": 2,
  "output_size": 1,
  "w1": [
    [
      1.4568981977451279,
      0.5222934894414495
    ]
  ],
  "w2": [
    [
      -1.5908995737886122
    ],
    [
      -1.6439886031567041
    ]
  ]
}