{
    "input_size": 2,
    "hidden_size": 4,
    "output_size": 1,
    "w1": [
        [
            0.23902394135897476,
            0.10106144904654446,
            -0.004321991525166657,
            -0.34493852999607033
        ],
        [
            -0.2635299655873884,
            -0.474829751361445,
            -0.7285365546422558,
            -0.8936638945573774
        ]
    ],
    "w2": [
        [
            -0.662106395635023
        ],
        [
            0.3287604280508394
        ],
        [
            -0.7397138603973725
        ],
        [
            0.10101457714550066
        ]
    ]
}